{
  "publicPath": "/public/",
  "all": [
    "0.7231a63edfb4ee804014.js",
    "1.59348394d2ed8a64b647.js",
    "2.cf3cfc6823749d68eaad.js",
    "3.b3ec71921616234323fe.js",
    "4.8ae6152a8f7357e786ca.js",
    "vendor.2b23ea8a58a87bedf185.js",
    "app.9d7f58cd4c6ad3febf61.js",
    "manifest.6ff3598deb7249dd548b.js",
    "common.9d7f58cd4c6ad3febf61.css"
  ],
  "initial": [
    "manifest.6ff3598deb7249dd548b.js",
    "vendor.2b23ea8a58a87bedf185.js",
    "app.9d7f58cd4c6ad3febf61.js"
  ],
  "async": [
    "0.7231a63edfb4ee804014.js",
    "1.59348394d2ed8a64b647.js",
    "2.cf3cfc6823749d68eaad.js",
    "3.b3ec71921616234323fe.js",
    "4.8ae6152a8f7357e786ca.js"
  ],
  "modules": {
    "15341032": [
      5
    ],
    "77685852": [
      6,
      8
    ],
    "7123a791": [
      5
    ],
    "4e5c0a7b": [
      5
    ],
    "62060d55": [
      5
    ],
    "07e0ab7b": [
      5
    ],
    "6d04c18b": [
      5
    ],
    "5f82d8d2": [
      5
    ],
    "ca8152d4": [
      5
    ],
    "733151e0": [
      5
    ],
    "2de55438": [
      5
    ],
    "aaaece56": [
      5
    ],
    "37493ca8": [
      5
    ],
    "205b8150": [
      5
    ],
    "2c6d9340": [
      5
    ],
    "2cbc3773": [
      5
    ],
    "34366e20": [
      5
    ],
    "05e156c0": [
      5
    ],
    "ac4a025e": [
      5
    ],
    "54ad7366": [
      5
    ],
    "22ed6905": [
      5
    ],
    "74614b46": [
      5
    ],
    "d453e956": [
      5
    ],
    "6eafdf3d": [
      5
    ],
    "03f387b0": [
      5
    ],
    "496fb43e": [
      5
    ],
    "53c1d46a": [
      5
    ],
    "5bbee0be": [
      5
    ],
    "72ca29c9": [
      5
    ],
    "288f73ea": [
      5
    ],
    "77453a42": [
      5
    ],
    "5a3700f8": [
      5
    ],
    "5f97d679": [
      5
    ],
    "89f70600": [
      5
    ],
    "6e2f5f11": [
      5
    ],
    "0881a0e2": [
      5
    ],
    "3a5ed91e": [
      5
    ],
    "650614a2": [
      5
    ],
    "fc90d17c": [
      5
    ],
    "2ef4a449": [
      5
    ],
    "4acf58aa": [
      5
    ],
    "0d13c824": [
      5
    ],
    "9b1a6670": [
      6,
      8
    ],
    "137fdc50": [
      6,
      8
    ],
    "7305c896": [
      5
    ],
    "d5b923f2": [
      5
    ],
    "b69c8c86": [
      6,
      8
    ],
    "6b2d3af2": [
      6,
      8
    ],
    "6f3c004e": [
      6,
      8
    ],
    "09a30079": [
      6,
      8
    ],
    "0eb30705": [
      6,
      8
    ],
    "5f614d4d": [
      5
    ],
    "59f88446": [
      5
    ],
    "9f8d37e2": [
      5
    ],
    "54321d6a": [
      5
    ],
    "63f075a5": [
      5
    ],
    "578c5a16": [
      5
    ],
    "598726d9": [
      5
    ],
    "0cf7113d": [
      5
    ],
    "1b198ac8": [
      5
    ],
    "8030e8dc": [
      5
    ],
    "67c4836a": [
      5
    ],
    "cefc4dee": [
      5
    ],
    "05bf1e02": [
      5
    ],
    "63d4ecb9": [
      5
    ],
    "117fadd1": [
      5
    ],
    "0fe9c7b0": [
      5
    ],
    "b60c89ca": [
      5
    ],
    "abd31908": [
      5
    ],
    "19338c28": [
      5
    ],
    "8484a280": [
      5
    ],
    "7a6d57dc": [
      5
    ],
    "4e3fa266": [
      5
    ],
    "736f6f89": [
      5
    ],
    "4e1b36eb": [
      5
    ],
    "f9e20728": [
      5
    ],
    "1fa9541f": [
      5
    ],
    "4ccf93c1": [
      5
    ],
    "a6a71f1c": [
      5
    ],
    "2032da54": [
      5
    ],
    "34e34801": [
      5
    ],
    "47d4a204": [
      5
    ],
    "30601e6e": [
      5
    ],
    "4eb050a8": [
      5
    ],
    "5e55f770": [
      5
    ],
    "d72ff63a": [
      5
    ],
    "01830dc9": [
      5
    ],
    "504f6ebd": [
      6,
      8
    ],
    "36f69a52": [
      5
    ],
    "1f26b910": [
      5
    ],
    "4fcd2d5a": [
      5
    ],
    "812d9064": [
      6,
      8
    ],
    "0a667566": [
      6,
      8
    ],
    "0c08dc1a": [
      6,
      8
    ],
    "ff81ebd2": [
      6,
      8
    ],
    "8be35064": [
      6,
      8
    ],
    "7a8480a2": [
      6,
      8
    ],
    "86711fe8": [
      6,
      8
    ],
    "33cab5cc": [
      6,
      8
    ],
    "629dba9c": [
      6,
      8
    ],
    "2fb00705": [
      6,
      8
    ],
    "cab45ef8": [
      6,
      8
    ],
    "6130be00": [
      6,
      8
    ],
    "423ad744": [
      5
    ],
    "5b200701": [
      5
    ],
    "15a60a6e": [
      5
    ],
    "b8331bb0": [
      5
    ],
    "1f976d40": [
      5
    ],
    "3e892ef7": [
      6,
      8
    ],
    "475266c4": [
      3
    ],
    "7ecd81eb": [
      2
    ],
    "8d10a64a": [
      4
    ],
    "15b4a9a3": [
      1
    ],
    "4653a273": [
      0
    ],
    "8a4ae4b0": [
      5
    ],
    "7e03fcb8": [
      5
    ],
    "4de11864": [
      3
    ],
    "1e3d7372": [
      2
    ],
    "088246ed": [
      0
    ],
    "3f5c26ce": [
      1
    ]
  }
}